panel,b1_a,b1_b,b1_theta_deg,b2_a,b2_b,b2_theta_deg,Ak_a,Ak_b,Ak_theta_deg,sep_px,diam_mm
1,11.296973167096988,9.75307651740576,-3.5871833951008294,11.190384294252723,9.67370063106209,-4.799286154143708,11.243117786531934,9.713994969869693,3.650097991044062,58.49410580793559,nan
2,11.850111090913131,10.1764926509201,81.00287954718281,11.99335539440349,10.075202072679083,80.05243340117113,11.921182333208645,10.125800371176675,-80.98850482416013,58.448780487804875,nan
3,6.403556187116119,2.3340708309687543,71.02374684316429,122.31543622789647,26.141109812482433,-48.23748710022912,1080.393130204337,181.1591079559481,34.72062491501668,21.28402948402949,nan
# final averaged ellipse in canonical frame
# a_bar,b_bar,theta_deg,major_diam_px,minor_diam_px
41.763991,10.337775,43.905328,83.527981,20.675551
